{"cameraMode":{"drawMode":0,"name":"Shaded","section":"Shading Mode"},"sceneLighting":false,"audioPlay":false,"sceneViewState":{"m_AlwaysRefresh":false,"showFog":true,"showSkybox":true,"showFlares":true,"showImageEffects":true,"showParticleSystems":true,"showVisualEffectGraphs":true,"m_FxEnabled":false},"in2DMode":false,"pivot":{"x":2.664184331893921,"y":-0.13068841397762299,"z":-7.239609718322754},"rotation":{"x":0.2644976079463959,"y":-0.37325990200042727,"z":0.10106295347213745,"w":0.8851462006568909},"size":13.887155532836914,"orthographic":true}